date,lw_rstar
1961-01-01,5.47734664193975
1961-04-01,5.69702197868822
1961-07-01,5.61316160665749
1961-10-01,5.58580784813012
1962-01-01,5.40760499633387
1962-04-01,4.87382220467591
1962-07-01,4.76011275808591
1962-10-01,4.30215014459319
1963-01-01,4.28619582857565
1963-04-01,4.25221305033821
1963-07-01,4.58128949475077
1963-10-01,4.30999171030688
1964-01-01,4.61568910856586
1964-04-01,4.53018977356907
1964-07-01,4.62932677250195
1964-10-01,4.37227100466389
1965-01-01,4.75481122115014
1965-04-01,4.72581161344671
1965-07-01,4.98206080457507
1965-10-01,5.20229242006834
1966-01-01,5.43463445714116
1966-04-01,5.17436489634575
1966-07-01,5.15808924336609
1966-10-01,5.13522354673124
1967-01-01,5.09854840905512
1967-04-01,4.87112812279673
1967-07-01,4.89243785940256
1967-10-01,4.82077209966039
1968-01-01,5.0450677990489
1968-04-01,5.1082663255393
1968-07-01,4.97288263853653
1968-10-01,4.81850681596257
1969-01-01,4.94639814213123
1969-04-01,4.75328808566927
1969-07-01,4.70830907642771
1969-10-01,4.42936233001452
1970-01-01,4.2865282439454
1970-04-01,4.21180735978464
1970-07-01,4.27482828949901
1970-10-01,3.86561230792783
1971-01-01,4.3359664832288
1971-04-01,4.08753154823174
1971-07-01,3.94402424469196
1971-10-01,3.64790409573429
1972-01-01,3.87325763338752
1972-04-01,4.03199198117607
1972-07-01,3.90144747875293
1972-10-01,3.99481478650195
1973-01-01,4.27625443652513
1973-04-01,4.34033466468742
1973-07-01,4.0454398496881
1973-10-01,4.2354856721149
1974-01-01,4.00811846248005
1974-04-01,4.19627482419875
1974-07-01,4.02912399175951
1974-10-01,3.8969014942077
1975-01-01,3.43063912740652
1975-04-01,3.33663178120831
1975-07-01,3.38369966656971
1975-10-01,3.34334851013142
1976-01-01,3.5099818143177
1976-04-01,3.24433798510401
1976-07-01,3.15821449160247
1976-10-01,3.1125215918067
1977-01-01,3.20125496005794
1977-04-01,3.37522389827803
1977-07-01,3.51054694707598
1977-10-01,3.169502871096
1978-01-01,3.08069722265709
1978-04-01,3.84100608328421
1978-07-01,3.72898196200588
1978-10-01,3.8427096399494
1979-01-01,3.57821648556835
1979-04-01,3.67859088328695
1979-07-01,3.7146882792506
1979-10-01,3.72629445882518
1980-01-01,3.84796138524426
1980-04-01,3.30452287584522
1980-07-01,3.36586770231463
1980-10-01,3.79356256027417
1981-01-01,3.99612131995184
1981-04-01,3.5470296207162
1981-07-01,3.77187227723032
1981-10-01,3.41130623458116
1982-01-01,2.95414678035371
1982-04-01,3.02995750288165
1982-07-01,2.92571971374068
1982-10-01,2.82229946641677
1983-01-01,2.96475210680776
1983-04-01,3.06408856662218
1983-07-01,3.37594127002182
1983-10-01,3.36148439380154
1984-01-01,3.54253655499679
1984-04-01,3.71908583998261
1984-07-01,3.62799053821023
1984-10-01,3.56221275624797
1985-01-01,3.80698258785465
1985-04-01,3.69851027292816
1985-07-01,3.87764364803478
1985-10-01,3.69597825934362
1986-01-01,3.77643773532741
1986-04-01,3.55221536179293
1986-07-01,3.55179790171251
1986-10-01,3.48059952186799
1987-01-01,3.37972022683236
1987-04-01,3.52518638805272
1987-07-01,3.50476518582788
1987-10-01,3.74615492989867
1988-01-01,3.61147456453358
1988-04-01,3.80188425808459
1988-07-01,3.70914104923465
1988-10-01,3.82674009499587
1989-01-01,3.83670274238357
1989-04-01,3.74550476706659
1989-07-01,3.66769165613691
1989-10-01,3.58907406897907
1990-01-01,3.80328811341196
1990-04-01,3.73055504412354
1990-07-01,3.57185336662011
1990-10-01,3.15700642730914
1991-01-01,2.96167074557103
1991-04-01,2.99334438452447
1991-07-01,2.95675215428507
1991-10-01,2.81638872434967
1992-01-01,2.89260618900561
1992-04-01,2.87190018842149
1992-07-01,2.78852391021775
1992-10-01,2.81594289803623
1993-01-01,2.59377406649311
1993-04-01,2.5670887363433
1993-07-01,2.41354500458031
1993-10-01,2.50373531635216
1994-01-01,2.451936853842
1994-04-01,2.61669141874904
1994-07-01,2.50717887622667
1994-10-01,2.59240012362002
1995-01-01,2.50274849609026
1995-04-01,2.47620404626795
1995-07-01,2.54168028905947
1995-10-01,2.58003696772624
1996-01-01,2.58125615808442
1996-04-01,2.84822309117507
1996-07-01,2.850704787297
1996-10-01,2.96893662509718
1997-01-01,2.88964080894216
1997-04-01,3.16024588651573
1997-07-01,3.12580869314649
1997-10-01,3.1232664232377
1998-01-01,3.16470271626436
1998-04-01,3.2011864248529
1998-07-01,3.34501301304302
1998-10-01,3.51783147256581
1999-01-01,3.47762050560121
1999-04-01,3.49376393118413
1999-07-01,3.6173581623571
1999-10-01,3.82733534952023
2000-01-01,3.70660018751368
2000-04-01,3.8968608828259
2000-07-01,3.71970955131642
2000-10-01,3.72131944210005
2001-01-01,3.55932629375005
2001-04-01,3.50750035074158
2001-07-01,3.16341312726352
2001-10-01,3.13879977995498
2002-01-01,3.07432503186226
2002-04-01,3.06619335143063
2002-07-01,2.93924145917096
2002-10-01,2.68073177072651
2003-01-01,2.56779138093554
2003-04-01,2.56457763293634
2003-07-01,2.74368327815262
2003-10-01,2.73929711370101
2004-01-01,2.65723302317546
2004-04-01,2.63970107483019
2004-07-01,2.55369006978845
2004-10-01,2.61770162626717
2005-01-01,2.73019720277725
2005-04-01,2.55876094418763
2005-07-01,2.51276658161367
2005-10-01,2.56534333838278
2006-01-01,2.70802140772497
2006-04-01,2.68387130714933
2006-07-01,2.51597067978125
2006-10-01,2.54941736003186
2007-01-01,2.56465946385888
2007-04-01,2.48812222219756
2007-07-01,2.50694384819771
2007-10-01,2.61132198601078
2008-01-01,2.31913430242405
2008-04-01,2.31055596666768
2008-07-01,2.03718860253042
2008-10-01,1.1283435163684
2009-01-01,0.806745195639621
2009-04-01,0.86037295955553
2009-07-01,0.865999006259112
2009-10-01,1.14060517602472
2010-01-01,0.994229769557936
2010-04-01,1.00095452952605
2010-07-01,0.912256744368958
2010-10-01,0.891592269259105
2011-01-01,0.746750418395984
2011-04-01,0.905967378585294
2011-07-01,0.749270317779137
2011-10-01,0.864768250485629
2012-01-01,0.995799907285789
2012-04-01,0.859088922409588
2012-07-01,0.685928692925993
2012-10-01,0.646976993776549
2013-01-01,0.756283919577304
2013-04-01,0.625309821415385
2013-07-01,0.749439285619638
2013-10-01,0.835919619954183
2014-01-01,0.566447589656635
2014-04-01,0.840500929746629
2014-07-01,0.948421457053121
2014-10-01,0.841882294170215
2015-01-01,0.853078710599782
2015-04-01,0.946332441258636
2015-07-01,0.874146954244423
2015-10-01,0.771855380028597
2016-01-01,0.875892873760645
2016-04-01,0.902828549705572
2016-07-01,0.938137502317955
2016-10-01,0.899243147538825
2017-01-01,0.915756294619373
2017-04-01,0.866000262914882
2017-07-01,0.897633845268367
2017-10-01,1.08104722355073
2018-01-01,1.21241587178971
2018-04-01,1.18636548835781
2018-07-01,1.1177726446423
2018-10-01,1.06096566286706
2019-01-01,1.07778355145154
2019-04-01,1.16436003012989
2019-07-01,1.28906305731031
2019-10-01,1.2728607056665
2020-01-01,1.29790826447756
2020-04-01,1.26518333749311
2020-07-01,1.334080081264
2020-10-01,1.31431002943602
2021-01-01,1.44908819983452
2021-04-01,1.5198055099889
2021-07-01,1.47308228927666
2021-10-01,1.73083644495028
2022-01-01,1.45246851586412
2022-04-01,1.22852806086633
2022-07-01,1.3178927300524
2022-10-01,1.25354498385876
2023-01-01,1.20983014168103
2023-04-01,1.09116048792038
2023-07-01,1.03344704603592
2023-10-01,0.936104208767353
2024-01-01,0.927792024505016
2024-04-01,0.936959284618043
2024-07-01,0.915079570020881
2024-10-01,0.870307497785292
2025-01-01,0.793002367416121
2025-04-01,0.905803940049983
2025-07-01,1.05287498251194
2025-10-01,0.888922289321703
2026-01-01,1.09169291505641
2026-04-01,1.00864835850403
