date,BILL10,CPI10,spf_implied_real
1992Q1,5.0,3.7,1.2999999999999998
1993Q1,4.1,3.5,0.5999999999999996
1994Q1,4.15,3.45,0.7000000000000002
1995Q1,5.15,3.3,1.8500000000000005
1996Q1,4.69,3.0,1.6900000000000004
1997Q1,4.95,3.0,1.9500000000000002
1998Q1,5.0,2.6,2.4
1999Q1,4.5,2.3,2.2
2000Q1,5.0,2.5,2.5
2001Q1,4.5,2.5,2.0
2002Q1,3.75,2.5,1.25
2003Q1,4.0,2.5,1.5
2004Q1,3.5,2.5,1.0
2005Q1,3.7,2.45,1.25
2006Q1,4.25,2.5,1.75
2007Q1,4.5,2.35,2.15
2008Q1,4.0,2.5,1.5
2009Q1,3.0,2.4,0.6000000000000001
2010Q1,3.0,2.39,0.6099999999999999
2011Q1,3.0,2.3,0.7000000000000002
2012Q1,2.5,2.3,0.20000000000000018
2013Q1,2.4,2.3,0.10000000000000009
2014Q1,2.5,2.3,0.20000000000000018
2015Q1,2.6686,2.1,0.5686
2016Q1,2.5,2.12,0.3799999999999999
2017Q1,2.5,2.3,0.20000000000000018
2018Q1,2.75,2.25,0.5
2019Q1,2.7471,2.2,0.5470999999999999
2020Q1,2.0219,2.2,-0.17810000000000015
2021Q1,1.75,2.2,-0.4500000000000002
2022Q1,2.25,2.4981,-0.2481
2023Q1,2.65,2.37,0.2799999999999998
2024Q1,2.775,2.24,0.5349999999999997
2025Q1,3.17,2.3,0.8700000000000001
2026Q1,3.0,2.3,0.7000000000000002
