date,realized_real_ffr,tips_5y5y_real,sep_implied_real,lw_rstar,spf_implied_real
1954Q3,,,,,
1954Q4,,,,,
1955Q1,,,,,
1955Q2,,,,,
1955Q3,,,,,
1955Q4,,,,,
1956Q1,,,,,
1956Q2,,,,,
1956Q3,,,,,
1956Q4,,,,,
1957Q1,,,,,
1957Q2,,,,,
1957Q3,,,,,
1957Q4,,,,,
1958Q1,,,,,
1958Q2,,,,,
1958Q3,,,,,
1958Q4,,,,,
1959Q1,,,,,
1959Q2,,,,,
1959Q3,,,,,
1959Q4,,,,,
1960Q1,1.845494929861263,,,,
1960Q2,1.7643518591482852,,,,
1960Q3,1.2798040992997834,,,,
1960Q4,0.8840598682742169,,,,
1961Q1,0.7363291377626939,,,5.47734664193975,
1961Q2,0.5166263092731178,,,5.69702197868822,
1961Q3,0.4239152656480598,,,5.61316160665749,
1961Q4,1.2289682872879064,,,5.58580784813012,
1962Q1,1.0865843665972308,,,5.40760499633387,
1962Q2,1.1797745762263103,,,4.87382220467591,
1962Q3,1.525562319272551,,,4.76011275808591,
1962Q4,1.6540914207618664,,,4.30215014459319,
1963Q1,1.736483532226996,,,4.28619582857565,
1963Q2,1.7398593154038555,,,4.25221305033821,
1963Q3,2.050225141275975,,,4.58128949475077,
1963Q4,1.8796083194005697,,,4.30999171030688,
1964Q1,1.7971634252259285,,,4.61568910856586,
1964Q2,1.9054598051436282,,,4.53018977356907,
1964Q3,1.9790577533136733,,,4.62932677250195,
1964Q4,2.3250112749932175,,,4.37227100466389,
1965Q1,2.771558633045885,,,4.75481122115014,
1965Q2,2.8607854655367757,,,4.72581161344671,
1965Q3,2.825617657788325,,,4.98206080457507,
1965Q4,2.838870743222393,,,5.20229242006834,
1966Q1,3.109128548107793,,,5.43463445714116,
1966Q2,2.961834037744709,,,5.17436489634575,
1966Q3,2.9462695614614924,,,5.15808924336609,
1966Q4,2.5711034950926046,,,5.13522354673124,
1967Q1,1.7818327434227919,,,5.09854840905512,
1967Q2,1.092180329085469,,,4.87112812279673,
1967Q3,0.9133100935397365,,,4.89243785940256,
1967Q4,1.0497080752537729,,,4.82077209966039,
1968Q1,1.081598951443354,,,5.0450677990489,
1968Q2,1.785531594026149,,,5.1082663255393,
1968Q3,1.5410985790444567,,,4.97288263853653,
1968Q4,1.3578452100504714,,,4.81850681596257,
1969Q1,2.0546231386197027,,,4.94639814213123,
1969Q2,3.781464207613685,,,4.75328808566927,
1969Q3,4.402617686162214,,,4.70830907642771,
1969Q4,4.348906396914162,,,4.42936233001452,
1970Q1,3.9860718313164174,,,4.2865282439454,
1970Q2,3.363900700498168,,,4.21180735978464,
1970Q3,2.224638123938335,,,4.27482828949901,
1970Q4,0.8575126032519114,,,3.86561230792783,
1971Q1,-1.0284947679690402,,,4.3359664832288,
1971Q2,-0.3274618093389172,,,4.08753154823174,
1971Q3,0.7507807806051883,,,3.94402424469196,
1971Q4,0.849348275823683,,,3.64790409573429,
1972Q1,-0.04957418541353098,,,3.87325763338752,
1972Q2,1.1639373143155138,,,4.03199198117607,
1972Q3,1.7963086397444643,,,3.90144747875293,
1972Q4,2.1431383174223937,,,3.99481478650195,
1973Q1,3.7931543168753645,,,4.27625443652513,
1973Q2,4.394460031312218,,,4.34033466468742,
1973Q3,6.566488999194419,,,4.0454398496881,
1973Q4,5.246364185555405,,,4.2354856721149,
1974Q1,3.565272659753175,,,4.00811846248005,
1974Q2,4.390111942716978,,,4.19627482419875,
1974Q3,3.732605202768328,,,4.02912399175951,
1974Q4,-0.04211802076685878,,,3.8969014942077,
1975Q1,-3.317753600332874,,,3.43063912740652,
1975Q2,-3.2591128425747895,,,3.33663178120831,
1975Q3,-1.190141918688557,,,3.38369966656971,
1975Q4,-1.1388021407747724,,,3.34334851013142,
1976Q1,-1.299026626789539,,,3.5099818143177,
1976Q2,-0.6090601194999667,,,3.24433798510401,
1976Q3,-0.5876372313993743,,,3.15821449160247,
1976Q4,-0.9347542658298673,,,3.1125215918067,
1977Q1,-1.3088294131627052,,,3.20125496005794,
1977Q2,-1.1359662503114656,,,3.37522389827803,
1977Q3,-0.5681257810313092,,,3.51054694707598,
1977Q4,0.23564738299625176,,,3.169502871096,
1978Q1,0.5998041234004416,,,3.08069722265709,
1978Q2,0.9324524465584334,,,3.84100608328421,
1978Q3,1.6975947276841685,,,3.72898196200588,
1978Q4,2.8446167995007894,,,3.8427096399494,
1979Q1,3.5257635931443945,,,3.57821648556835,
1979Q2,3.168058926328092,,,3.67859088328695,
1979Q3,3.807248758459264,,,3.7146882792506,
1979Q4,6.151971298938308,,,3.72629445882518,
1980Q1,6.5618885903119715,,,3.84796138524426,
1980Q2,4.1643258435089905,,,3.30452287584522,
1980Q3,0.9409876177692595,,,3.36586770231463,
1980Q4,6.614987901055487,,,3.79356256027417,
1981Q1,7.554232049383776,,,3.99612131995184,
1981Q2,9.10457616662109,,,3.5470296207162,
1981Q3,9.278313997861316,,,3.77187227723032,
1981Q4,5.9322388858252815,,,3.41130623458116,
1982Q1,7.313536349968111,,,2.95414678035371,
1982Q2,8.128698813802043,,,3.02995750288165,
1982Q3,4.8565646593059535,,,2.92571971374068,
1982Q4,3.5166581705686744,,,2.82229946641677,
1983Q1,3.0316325143916476,,,2.96475210680776,
1983Q2,3.7631066768340444,,,3.06408856662218,
1983Q3,4.5016535628047185,,,3.37594127002182,
1983Q4,5.0576712571814975,,,3.36148439380154,
1984Q1,5.614345693240389,,,3.54253655499679,
1984Q2,6.082563681100463,,,3.71908583998261,
1984Q3,7.489944710719292,,,3.62799053821023,
1984Q4,5.454423924805695,,,3.56221275624797,
1985Q1,4.314379409150341,,,3.80698258785465,
1985Q2,4.061486213818527,,,3.69851027292816,
1985Q3,3.9507988177544515,,,3.87764364803478,
1985Q4,4.148616189048526,,,3.69597825934362,
1986Q1,4.152863895663575,,,3.77643773532741,
1986Q2,3.4263499255503183,,,3.55221536179293,
1986Q3,3.050341846653706,,,3.55179790171251,
1986Q4,3.0140108339778786,,,3.48059952186799,
1987Q1,3.4099237171197787,,,3.37972022683236,
1987Q2,3.557035523863043,,,3.52518638805272,
1987Q3,3.5430328625027845,,,3.50476518582788,
1987Q4,3.416160740467085,,,3.74615492989867,
1988Q1,2.83384375525399,,,3.61147456453358,
1988Q2,3.088675278605857,,,3.80188425808459,
1988Q3,3.661945158136718,,,3.70914104923465,
1988Q4,4.048769501611806,,,3.82674009499587,
1989Q1,4.8969471246991185,,,3.83670274238357,
1989Q2,5.479351331018521,,,3.74550476706659,
1989Q3,5.23977923634342,,,3.66769165613691,
1989Q4,4.969512873624414,,,3.58907406897907,
1990Q1,4.546676605725206,,,3.80328811341196,
1990Q2,4.334698220342694,,,3.73055504412354,
1990Q3,3.9873006925545154,,,3.57185336662011,
1990Q4,3.6458038247062694,,,3.15700642730914,
1991Q1,2.5903930366997163,,,2.96167074557103,
1991Q2,2.370106326138116,,,2.99334438452447,
1991Q3,2.2592333342054767,,,2.95675215428507,
1991Q4,1.4850141876445289,,,2.81638872434967,
1992Q1,0.8129346970458382,,,2.89260618900561,1.2999999999999998
1992Q2,0.6242249423370927,,,2.87190018842149,
1992Q3,0.41660674234659156,,,2.78852391021775,
1992Q4,0.2502018832826476,,,2.81594289803623,
1993Q1,0.3287957704243971,,,2.59377406649311,0.5999999999999996
1993Q2,0.23586546667428498,,,2.5670887363433,
1993Q3,0.3289809288070735,,,2.41354500458031,
1993Q4,0.476074098899975,,,2.50373531635216,
1994Q1,0.9338419033638057,,,2.451936853842,0.7000000000000002
1994Q2,1.7460802848526478,,,2.61669141874904,
1994Q3,2.2935212133686917,,,2.50717887622667,
1994Q4,2.9797375928491627,,,2.59240012362002,
1995Q1,3.553129094726553,,,2.50274849609026,1.8500000000000003
1995Q2,3.8417816250682435,,,2.47620404626795,
1995Q3,3.699609965543694,,,2.54168028905947,
1995Q4,3.6296077254409562,,,2.58003696772624,
1996Q1,3.403240944550558,,,2.58125615808442,1.6900000000000004
1996Q2,3.4008585945755554,,,2.84822309117507,
1996Q3,3.484654117372613,,,2.850704787297,
1996Q4,3.3904605476867022,,,2.96893662509718,
1997Q1,3.3874449809187848,,,2.88964080894216,1.95
1997Q2,3.5880723363300726,,,3.16024588651573,
1997Q3,3.8199938267505553,,,3.12580869314649,
1997Q4,4.0450249471287805,,,3.1232664232377,
1998Q1,4.156231693061611,,,3.16470271626436,2.4
1998Q2,4.3508676915185545,,,3.2011864248529,
1998Q3,4.263084176999355,,,3.34501301304302,
1998Q4,3.5873386967414707,,,3.51783147256581,
1999Q1,3.5044680882006647,,,3.47762050560121,2.2
1999Q2,3.477030246275068,,,3.49376393118413,
1999Q3,3.810517438807938,,,3.6173581623571,
1999Q4,3.872914596304224,,,3.82733534952023,
2000Q1,3.970667084242996,,,3.70660018751368,2.5
2000Q2,4.565598208087302,,,3.8968608828259,
2000Q3,4.6984837702569155,,,3.71970955131642,
2000Q4,4.627116068946716,,,3.72131944210005,
2001Q1,3.621755760169323,,,3.55932629375005,2.0
2001Q2,2.3259990486946545,,,3.50750035074158,
2001Q3,1.7195170970359646,,,3.16341312726352,
2001Q4,0.3687723527904554,,,3.13879977995498,
2002Q1,0.31026241058802806,,,3.07432503186226,1.25
2002Q2,0.15557653073228872,,,3.06619335143063,
2002Q3,-0.1286719312802438,,,2.93924145917096,
2002Q4,-0.2987382669543288,,,2.68073177072651,
2003Q1,-0.49359276263405083,2.8320121881762783,,2.56779138093554,1.5
2003Q2,-0.32654778955442243,2.7333411182401584,,2.56457763293634,
2003Q3,-0.48120850183629615,3.056149288788697,,2.74368327815262,
2003Q4,-0.5934302098660434,2.7942743603015607,,2.73929711370101,
2004Q1,-0.8274035985205777,2.588361182354732,,2.65723302317546,1.0
2004Q2,-1.0121948252464843,2.8453063032506245,,2.63970107483019,
2004Q3,-0.48956178363044933,2.621103917857291,,2.55369006978845,
2004Q4,-0.06653265814885878,2.453110229030587,,2.61770162626717,
2005Q1,0.2929966203698604,2.2660841853096945,,2.73019720277725,1.25
2005Q2,0.8419900347064555,2.056473886048503,,2.55876094418763,
2005Q3,1.3271764967430206,2.0521172849511835,,2.51276658161367,
2005Q4,1.7216379897826668,2.168271434871256,,2.56534333838278,
2006Q1,2.3300496972113343,2.1742694585383773,,2.70802140772497,1.75
2006Q2,2.4807225831896678,2.5858771819599826,,2.68387130714933,
2006Q3,2.672368049274611,2.3752640467547326,,2.51597067978125,
2006Q4,2.908760452712228,2.2357299838476368,,2.54941736003186,
2007Q1,2.8090037715471365,2.3639476604660907,,2.56465946385888,2.15
2007Q2,3.1804567042588343,2.5260350063381,,2.48812222219756,
2007Q3,3.0511280101186893,2.5164120055975707,,2.50694384819771,
2007Q4,2.2152461832973622,2.3005888603188525,,2.61132198601078,
2008Q1,1.0543108301609743,2.0715157406080804,,2.31913430242405,1.5
2008Q2,-0.039546557576150665,2.1785388451796233,,2.31055596666768,
2008Q3,-0.20547524943796325,2.220566098828213,,2.03718860253042,
2008Q4,-0.8709705871498602,2.4998612323139064,,1.1283435163684,
2009Q1,-0.6650567218864989,2.216003304569796,,0.806745195639621,0.6000000000000001
2009Q2,-0.6399423876351289,2.3173222672392084,,0.86037295955553,
2009Q3,-0.5083895135506239,2.333274185260182,,0.865999006259112,
2009Q4,-1.244898007588803,2.1777067425571084,,1.14060517602472,
2010Q1,-1.5742021134912356,2.4157474402380337,,0.994229769557936,0.6099999999999999
2010Q2,-1.39247362833332,2.261138263312792,,1.00095452952605,
2010Q3,-1.1986122888026207,1.9216140927003051,,0.912256744368958,
2010Q4,-0.8931787275787527,1.6148770731996178,,0.891592269259105,
2011Q1,-1.0197259784181447,2.104877777644176,,0.746750418395984,0.7000000000000002
2011Q2,-1.3970874708833023,1.8949160723658625,,0.905967378585294,
2011Q3,-1.708843826370434,1.2035255222679182,,0.749270317779137,
2011Q4,-1.7590117442352253,0.8635388854597057,,0.864768250485629,
2012Q1,-1.920104130936388,0.6951600156467446,,0.995799907285789,0.2000000000000001
2012Q2,-1.699743595704744,0.37899430422604125,,0.859088922409588,
2012Q3,-1.5427840071269545,0.0063661896005588635,,0.685928692925993,
2012Q4,-1.6115503812059486,-0.0973769016083845,,0.646976993776549,
2013Q1,-1.388963230630057,0.22953794487031612,,0.756283919577304,0.1
2013Q2,-1.284707659298627,0.5217018175912367,,0.625309821415385,
2013Q3,-1.422101651862366,1.4432570166948009,,0.749439285619638,
2013Q4,-1.407621337199865,1.4422205376402941,,0.835919619954183,
2014Q1,-1.346536609612016,1.3265320803034606,,0.566447589656635,0.2000000000000001
2014Q2,-1.480367273957031,1.1055429164104333,,0.840500929746629,
2014Q3,-1.4661150288164018,0.7740044452835028,,0.948421457053121,
2014Q4,-1.29675946724988,0.700244941908904,,0.841882294170215,
2015Q1,-1.1382078947043939,0.4409847616875946,,0.853078710599782,0.5686
2015Q2,-1.1339518671654032,0.7087156609242646,1.7999999999999998,0.946332441258636,
2015Q3,-1.0668519777804701,0.8792845819259817,1.5,0.874146954244423,
2015Q4,-1.021790277802994,0.9701425255240244,1.5,0.771855380028597,
2016Q1,-1.0728974592000389,0.8328636453912782,1.2999999999999998,0.875892873760645,0.3799999999999999
2016Q2,-1.1618636229976103,0.6238955466636411,1.0,0.902828549705572,
2016Q3,-1.2502402781434643,0.3809334930348917,0.8999999999999999,0.938137502317955,
2016Q4,-1.2918553194533164,0.7141120615883902,1.0,0.899243147538825,
2017Q1,-1.0869329044469156,0.7982482777426578,1.0,0.915756294619373,0.2000000000000001
2017Q2,-0.6237809042352632,0.7792614803553781,1.0,0.866000262914882,
2017Q3,-0.2892653806418215,0.7287273397978128,0.7999999999999998,0.897633845268367,
2017Q4,-0.33914117701128865,0.6787683731174591,0.7999999999999998,1.08104722355073,
2018Q1,-0.26707540871403856,0.8013176552885998,0.8999999999999999,1.21241587178971,0.5
2018Q2,-0.17866795595435114,0.8907320851973041,0.8999999999999999,1.18636548835781,
2018Q3,-0.008493408248128054,0.8260401329391877,1.0,1.1177726446423,
2018Q4,0.2660878224433665,1.050510245650509,0.7999999999999998,1.06096566286706,
2019Q1,0.6834963256329485,0.8528401853917584,0.7999999999999998,1.07778355145154,0.5470999999999999
2019Q2,0.7906527831941423,0.6118421775412762,0.5,1.16436003012989,
2019Q3,0.5315399338983045,0.13285753823326207,0.5,1.28906305731031,
2019Q4,0.1000007438894519,0.21474491610784266,0.5,1.2728607056665,
2020Q1,-0.3326700906058613,0.012415716478836504,,1.29790826447756,-0.1781000000000001
2020Q2,-0.9229160897729574,-0.4653016787983663,0.5,1.26518333749311,
2020Q3,-1.2599311799472608,-0.6852677873011428,0.5,1.334080081264,
2020Q4,-1.3608158201258365,-0.5132822898924961,0.5,1.31431002943602,
2021Q1,-1.7714809188143577,0.0074230827639834894,0.5,1.44908819983452,-0.4500000000000002
2021Q2,-3.381214647140704,0.12572448523638977,0.5,1.5198055099889,
2021Q3,-3.799891968827501,-0.3302738766722905,0.5,1.47308228927666,
2021Q4,-4.653984805662293,-0.3545895448561263,0.5,1.73083644495028,
2022Q1,-5.251470708393905,-0.07980050385258773,0.3999999999999999,1.45246851586412,-0.2481
2022Q2,-4.376813878188191,0.5360153429462505,0.5,1.22852806086633,
2022Q3,-3.0305382727766337,0.7087505529482528,0.5,1.3178927300524,
2022Q4,-1.4261154455565443,1.3871811965048122,0.5,1.25354498385876,
2023Q1,-0.22762743960379606,1.2620430776336993,0.5,1.20983014168103,0.2799999999999998
2023Q2,0.4598356228975371,1.2447270484080397,0.5,1.09116048792038,
2023Q3,1.3982161554463892,1.5722525815709973,0.5,1.03344704603592,
2023Q4,2.0910144797420114,2.10956421700749,0.5,0.936104208767353,
2024Q1,2.263979448065599,1.924299409082211,0.6000000000000001,0.927792024505016,0.5349999999999997
2024Q2,2.5262263541219654,2.1092271911164944,0.7999999999999998,0.936959284618043,
2024Q3,2.4635104890122643,1.8222185434826554,0.8999999999999999,0.915079570020881,
2024Q4,1.7084229008608207,2.1469279476166117,1.0,0.870307497785292,
2025Q1,1.5624468317483795,2.429678056123884,1.0,0.793002367416121,0.8700000000000001
2025Q2,1.6313103581500261,2.5448729539769586,1.0,0.905803940049983,
2025Q3,1.4668491221622806,2.401085055471066,1.0,1.05287498251194,
2025Q4,1.0848809257105376,2.3121358505686396,1.0,0.888922289321703,
2026Q1,0.5521599270974766,2.4636587438551842,1.1,1.09169291505641,0.7000000000000002
2026Q2,0.3101122295554828,2.5381849446280906,1.1,1.00864835850403,
2026Q3,0.5533603147993849,2.6557858101236826,,,
